model_id,sA,rR,rA,rN,rW,sN,mR,mN,mW,mA,sW,rC,mC,sR,mse,mae,mad
1,0.043842506178527155,0.054464643496563214,0.11385554349155283,0.037296799575448486,0.09574954578830057,0.042602184178497524,0.03810769900321362,0.11718392676891641,0.06799434003984674,0.04992885664065547,0.03971487446661469,0.0407261658107053,0.05729983863406851,0.148520859864244,0.015618197086556127,0.08563874962405413,0.06253032004645906
2,0.3540553169075284,0.3070040001923288,0.08020277698174269,0.005775965171185655,0.002950358529375011,6.225916771023135e-05,0.004231186094774221,0.07415055112479438,0.000519419668728149,0.0025901073318883943,0.00028243756028320776,0.16703756271616868,0.0002842011448956944,0.0008538574085965461,0.04862412759928263,0.19050381898067836,0.1902741805581127
3,0.8265283101546044,0.7246409909241244,0.8951201420035249,0.880355778577935,0.8469013579797839,0.7551923379201716,0.5445594884554674,0.3585761297054338,0.5576744303256549,0.4273216148968617,0.23380688658800866,0.17567688685555288,0.09944618348182038,0.16413837386628138,0.013976842635078705,0.09259707248825857,0.08805960261613413
4,7.818469669942986,8.811326629779582,10.102771859693892,10.171226589418671,10.388555950204886,6.1538363116600205,7.622982101460445,7.207841720844369,6.1099675808554625,7.31756160205474,7.2159884420900555,3.853454553623545,6.470944698611445,6.421342001765791,0.01204081755927944,0.07646249435324318,0.05816860444966218
