model_id,sA,rR,rA,mW,rN,rW,mN,sN,mA,mR,rC,mC,sR,mse,mae,mad
1,0.10597240336232544,0.057394620977574515,0.11686283147976136,0.044523281261035066,0.027563022883293865,0.1499876498938764,0.046085994510271386,0.05246547828307362,0.06719673883102695,0.04269746371171132,0.037880238336632975,0.10002843796692391,0.07890243205431029,0.01477308381987338,0.09453382857548559,0.07833720701956992
2,0.07464983391983036,0.002931827071389485,0.059324796052896464,0.0021173471446434377,1.898133389958734e-05,0.0007234274305089819,0.27308347210864287,0.23033173282691316,0.0004307280427903666,0.29872357373311936,0.004239443502104926,0.021801807784930672,0.03162302904833038,0.04840047148834892,0.167027801416493,0.14165749900323313
3,0.6690722428769692,0.7707631317451596,0.8953069999831581,0.5918412994480579,0.6136985674339872,0.5123795788637382,0.3171800501692984,0.5708904208451115,0.31380882114059616,0.5097526491639741,0.23286044893918717,0.12075607994221042,0.22702464082189583,0.0110718761041101,0.08029106979157319,0.08343294094758802
4,7.044460683136452,8.813745668754061,9.837153527814829,6.562486794527683,7.265596623342162,7.437954025621722,5.774851325442299,5.942359197187213,4.310458564076301,7.6040185554878565,3.4602205699328588,6.492254595071835,6.484228268721407,0.011783618820446798,0.07960555262228741,0.0815623750254186
