model_id,sA,rR,rA,rN,mN,rW,sN,mR,mW,mA,sW,rC,mC,sR,mse,mae,mad
1,0.04813904845500646,0.05301488263245654,0.044083072451830047,0.04574686953740637,0.10242833570500598,0.038529173282722554,0.040566464241622364,0.11069904819229766,0.049457312711874486,0.0835737966749312,0.11631837799005829,0.14987321272834156,0.07040768118544241,0.02894272516203776,0.014963561060682867,0.10000968474956481,0.09070449473621081
2,0.00262649436241098,0.28427742963489677,0.3530105808832511,0.0021870636871331867,0.020592318569968546,0.005617028397675891,0.17029412480345257,0.08472369960487043,5.6822133111455844e-05,0.0031646457612019598,0.07183386174876913,0.0008552887886859229,0.0005265478146599573,0.0002340938099120535,0.08474094903044493,0.2310188211525513,0.23832839380030527
3,0.8278914925679555,0.7253034586585881,0.8967140424988207,0.7477889336113069,0.4158439682157476,0.8534329042709599,0.7557148029471417,0.544578718195682,0.5347331595069336,0.41110843566899435,0.2269443775583915,0.24163389250073572,0.09944618348182038,0.16413837386628138,0.01332426993912694,0.08931506391933575,0.08787095389182972
4,7.818272238772435,8.749473516247239,9.851403901373617,8.318353046921537,7.385103138293603,10.465162574548552,6.298126216362659,6.622296364833889,5.6106008832418,7.330122802793161,7.167910747250983,4.208669931208974,5.0843968215747655,5.08467774299703,0.01030634157256073,0.0728282435226537,0.05895502409298642
