model_id,sA,rR,rA,rN,mN,rW,sN,mR,mW,mA,sW,rC,mC,sR,mse,mae,mad
1,0.04945731271185824,0.10242833570504506,0.038529173282724205,0.040566464241624245,0.04813904845501407,0.0704076811854358,0.045746869537407,0.028942725162036977,0.08357379667491677,0.05301488263244922,0.11069904819230808,0.11631837799005966,0.044083072451827174,0.14987321272834403,0.014955238817170546,0.09760773714138454,0.10269383547824776
2,5.0978215179318644e-05,0.02058464518298494,0.0056912792596879105,0.15924893338340762,0.0025713308790753127,0.0005250917026641969,0.0027820019260335572,0.00020702650851453893,0.0029441810193760252,0.28752743541811393,0.08721614140361587,0.07391486940705128,0.35588145574464847,0.0008546299496471208,0.02269023764208609,0.11672212497363889,0.08236576945209395
3,0.8278914925679555,0.7253034586585881,0.8967140424988207,0.7477889336113069,0.4158439682157476,0.8534329042709599,0.7557148029471417,0.544578718195682,0.5347331595069336,0.41110843566899435,0.2269443775583915,0.24163389250073572,0.09944618348182038,0.16413837386628138,0.01332426993912694,0.08931506391933575,0.08787095389182972
4,7.818272238772435,8.749473516247239,9.851403901373617,8.318353046921537,7.385103138293603,10.465162574548552,6.298126216362659,6.622296364833889,5.6106008832418,7.330122802793161,7.167910747250983,4.208669931208974,5.0843968215747655,5.08467774299703,0.01030634157256073,0.0728282435226537,0.05895502409298642
