model_id,sA,rR,rA,rN,mN,rW,sN,mR,mW,mA,sW,rC,mC,sR,mse,mae,mad
1,0.11069904819229279,0.044083072451830935,0.05301488263245701,0.04813904845500828,0.04945731271190074,0.07040768118544499,0.14987321272834261,0.04056646424161904,0.04574686953739895,0.08357379667494025,0.02894272516203309,0.03852917328272427,0.11631837799005278,0.10242833570500608,0.018401365380791797,0.11653575200487518,0.11732687219797833
2,0.08073921489159828,0.35360547749005483,0.2870220463668707,0.0021575585026834274,4.8779066161241926e-05,0.0005281335342459236,0.0008564122879346267,0.17048177223771394,0.0024574445423054298,0.003941840417221582,0.00020561975552989942,0.005742715951198646,0.07129865850594203,0.020914326450539457,0.036714178139960835,0.15187432710042348,0.1415518506307508
3,0.8278914925679555,0.7253034586585881,0.8967140424988207,0.7477889336113069,0.4158439682157476,0.8534329042709599,0.7557148029471417,0.544578718195682,0.5347331595069336,0.41110843566899435,0.2269443775583915,0.24163389250073572,0.09944618348182038,0.16413837386628138,0.01332426993912694,0.08931506391933575,0.08787095389182972
4,7.818272238772435,8.749473516247239,9.851403901373617,8.318353046921537,7.385103138293603,10.465162574548552,6.298126216362659,6.622296364833889,5.6106008832418,7.330122802793161,7.167910747250983,4.208669931208974,5.0843968215747655,5.08467774299703,0.01030634157256073,0.0728282435226537,0.05895502409298642
